<?xml version="1.0" encoding="utf-8"?>
<BindingInfo xmlns:xsd="http://www.w3.org/2001/XMLSchema" xmlns:xsi="http://www.w3.org/2001/XMLSchema-instance" Assembly="Microsoft.BizTalk.Deployment, Version=3.0.1.0, Culture=neutral, PublicKeyToken=31bf3856ad364e35" Version="3.0.1.0" BindingStatus="NoBindings" BoundEndpoints="0" TotalEndpoints="0">
  <ModuleRefCollection>
    <ModuleRef Name="~" Version="0.0" Culture="neutral" PublicKeyToken="" FullName="">
      <Services xsi:nil="true" />
    </ModuleRef>
  </ModuleRefCollection>
  <SendPortCollection>
    <SendPort Name="XSLTComponentSP" IsStatic="true" IsTwoWay="false">
      <TransmitPipeline Name="SendHtmlMessage.Xml2HtmlSendPipeline" FullyQualifiedName="SendHtmlMessage.Xml2HtmlSendPipeline, SendHtmlMessage, Version=1.0.0.0, Culture=neutral, PublicKeyToken=" Type="2" />
      <PrimaryTransport>
        <Address>C:\Program Files (x86)\Microsoft BizTalk Server 2016\SDK\Samples\Pipelines\XslTransformComponent\Out\%MessageID%.html</Address>
        <TransportType Name="FILE" Capabilities="11" ConfigurationClsid="5e49e3a6-b4fc-4077-b44c-22f34a242fdb" />
        <TransportTypeData>&lt;CustomProps&gt;&lt;CopyMode vt="19"&gt;1&lt;/CopyMode&gt;&lt;FileName vt="8"&gt;%MessageID%.html&lt;/FileName&gt;&lt;AllowCacheOnWrite vt="11"&gt;0&lt;/AllowCacheOnWrite&gt;&lt;/CustomProps&gt;</TransportTypeData>
        <RetryCount>3</RetryCount>
        <RetryInterval>5</RetryInterval>
        <ServiceWindowEnabled>false</ServiceWindowEnabled>
        <FromTime>2004-01-29T00:00:00.0000000-08:00</FromTime>
        <ToTime>2004-01-29T23:59:59.0000000-08:00</ToTime>
        <Primary>true</Primary>
        <OrderedDelivery>false</OrderedDelivery>
      </PrimaryTransport>
      <SecondaryTransport>
        <Address />
        <RetryCount>3</RetryCount>
        <RetryInterval>5</RetryInterval>
        <ServiceWindowEnabled>false</ServiceWindowEnabled>
        <FromTime>2004-01-29T00:00:00.0000000-08:00</FromTime>
        <ToTime>2004-01-29T23:59:59.0000000-08:00</ToTime>
        <Primary>false</Primary>
        <OrderedDelivery>false</OrderedDelivery>
      </SecondaryTransport>
      <ReceivePipelineData xsi:nil="true" />
      <Tracking>0</Tracking>
      <Filter>&lt;Filter&gt;&lt;Group&gt;&lt;Statement Property="BTS.ReceivePortName" Operator="0" Value="XSLTComponentRP"/&gt;&lt;/Group&gt;&lt;Group/&gt;&lt;/Filter&gt;</Filter>
      <Transforms />
    </SendPort>
  </SendPortCollection>
  <DistributionListCollection />
  <ReceivePortCollection>
    <ReceivePort Name="XSLTComponentRP" IsTwoWay="false">
      <ReceiveLocations>
        <ReceiveLocation Name="XSLTComponentRL">
          <Address>C:\Program Files (x86)\Microsoft BizTalk Server 2016\SDK\Samples\Pipelines\XslTransformComponent\IN\*.xml</Address>
          <PublicAddress />
          <Primary>true</Primary>
          <ReceiveLocationTransportType Name="FILE" Capabilities="11" ConfigurationClsid="5e49e3a6-b4fc-4077-b44c-22f34a242fdb" />
          <ReceiveLocationTransportTypeData>&lt;CustomProps&gt;&lt;BatchSize vt="19"&gt;20&lt;/BatchSize&gt;&lt;FileMask vt="8"&gt;*.xml&lt;/FileMask&gt;&lt;FileNetFailRetryCount vt="19"&gt;5&lt;/FileNetFailRetryCount&gt;&lt;FileNetFailRetryInt vt="19"&gt;5&lt;/FileNetFailRetryInt&gt;&lt;/CustomProps&gt;</ReceiveLocationTransportTypeData>
          <ReceivePipeline Name="Microsoft.BizTalk.DefaultPipelines.PassThruReceive" FullyQualifiedName="Microsoft.BizTalk.DefaultPipelines.PassThruReceive, Microsoft.BizTalk.DefaultPipelines, Version=3.0.1.0, Culture=neutral, PublicKeyToken=" Type="1" />
          <ReceivePipelineData xsi:nil="true" />
          <Enable>true</Enable>
          <ReceiveHandler Name="BizTalkServerApplication">
            <TransportType Name="FILE" Capabilities="11" ConfigurationClsid="5e49e3a6-b4fc-4077-b44c-22f34a242fdb" />
          </ReceiveHandler>
        </ReceiveLocation>
      </ReceiveLocations>
      <SendPipelineData xsi:nil="true" />
      <Authentication>0</Authentication>
      <Tracking>0</Tracking>
      <Transforms />
    </ReceivePort>
  </ReceivePortCollection>
  <PartyCollection />
</BindingInfo>