<?xml version="1.0"?>
<SSO>
  <globalInfo>
    <secretServer>ComputerA</secretServer>
    <ssoAdminAccount>DomainName\SSO Administrator Group</ssoAdminAccount>
    <ssoAffiliateAdminAccount>DomainName\SSO Affiliate Administrator Group</ssoAffiliateAdminAccount>
    <auditDeletedApps>1000</auditDeletedApps>
    <auditDeletedMappings>1000</auditDeletedMappings>
    <auditCredentialLookups>1000</auditCredentialLookups>
    <ticketTimeout>2</ticketTimeout>
    <credCacheTimeout>60</credCacheTimeout>
  </globalInfo>
</SSO>