<?xml version="1.0" encoding="utf-8"?>
<BindingInfo xmlns:xsi="http://www.w3.org/2001/XMLSchema-instance" xmlns:xsd="http://www.w3.org/2001/XMLSchema" Assembly="Microsoft.BizTalk.Deployment, Version=3.0.1.0, Culture=neutral, PublicKeyToken=31bf3856ad364e35" Version="3.0.1.0" BindingStatus="FullyBound" BoundEndpoints="2" TotalEndpoints="2">
  <Timestamp>2005-03-28T13:21:04.7934850-08:00</Timestamp>
  <ModuleRefCollection>
    <ModuleRef Name="[Application:CMP Sample]" Version="" Culture="" PublicKeyToken="" FullName="[Application:CMP Sample], Version=, Culture=, PublicKeyToken=">
      <Services />
      <TrackedSchemas>
        <Schema FullName="CMP.PipelinesAndSchemas.POHeader" AssemblyQualifiedName="CMP.PipelinesAndSchemas.POHeader,CMP.PipelinesAndSchemas, Version=1.0.0.0, Culture=neutral, PublicKeyToken=cea426f80dba53f3">
          <TrackedPropertyNames />
        </Schema>
        <Schema FullName="CMP.PipelinesAndSchemas.PropSchema" AssemblyQualifiedName="CMP.PipelinesAndSchemas.PropSchema,CMP.PipelinesAndSchemas, Version=1.0.0.0, Culture=neutral, PublicKeyToken=cea426f80dba53f3">
          <TrackedPropertyNames />
        </Schema>
        <Schema FullName="CMP.PipelinesAndSchemas.PO" AssemblyQualifiedName="CMP.PipelinesAndSchemas.PO,CMP.PipelinesAndSchemas, Version=1.0.0.0, Culture=neutral, PublicKeyToken=cea426f80dba53f3">
          <TrackedPropertyNames />
        </Schema>
        <Schema FullName="CMP.PipelinesAndSchemas.Invoice" AssemblyQualifiedName="CMP.PipelinesAndSchemas.Invoice,CMP.PipelinesAndSchemas, Version=1.0.0.0, Culture=neutral, PublicKeyToken=cea426f80dba53f3">
          <TrackedPropertyNames />
        </Schema>
        <Schema FullName="CMP.PipelinesAndSchemas.InvoiceHeader" AssemblyQualifiedName="CMP.PipelinesAndSchemas.InvoiceHeader,CMP.PipelinesAndSchemas, Version=1.0.0.0, Culture=neutral, PublicKeyToken=cea426f80dba53f3">
          <TrackedPropertyNames />
        </Schema>
      </TrackedSchemas>
    </ModuleRef>
    <ModuleRef Name="CMP.PipelinesAndSchemas" Version="1.0.0.0" Culture="neutral" PublicKeyToken="cea426f80dba53f3" FullName="CMP.PipelinesAndSchemas, Version=1.0.0.0, Culture=neutral, PublicKeyToken=cea426f80dba53f3">
      <Services />
      <TrackedSchemas />
    </ModuleRef>
    <ModuleRef Name="CMP.Orchestration" Version="1.0.0.0" Culture="" PublicKeyToken="" FullName="CMP.Orchestration, Version=1.0.0.0">
      <Services>
        <Service Name="CMP.Orchestration.CMProcessor" State="Unenlisted">
          <Ports>
            <Port Name="Port_Input" Modifier="2" BindingOption="1">
              <SendPortRef xsi:nil="true" />
              <DistributionListRef xsi:nil="true" />
              <ReceivePortRef Name="CMP_ReceivePort" />
            </Port>
            <Port Name="Port_Output" Modifier="1" BindingOption="1">
              <SendPortRef Name="CMP_SendPort_FILE" />
              <DistributionListRef xsi:nil="true" />
              <ReceivePortRef xsi:nil="true" />
            </Port>
          </Ports>
          <Roles />
          <Host Name="BizTalkServerApplication" NTGroupName="BizTalk Application Users" Type="1" />
        </Service>
        <Service Name="CMP.Orchestration.SuspendMessage" State="Unenlisted">
          <Ports />
          <Roles />
          <Host Name="BizTalkServerApplication" NTGroupName="BizTalk Application Users" Type="1" />
        </Service>
      </Services>
      <TrackedSchemas />
    </ModuleRef>
  </ModuleRefCollection>
  <SendPortCollection>
    <SendPort Name="CMP_SendPort_FILE" IsStatic="true" IsTwoWay="false" BindingOption="0">
      <Description xsi:nil="true" />
      <TransmitPipeline Name="Microsoft.BizTalk.DefaultPipelines.PassThruTransmit" FullyQualifiedName="Microsoft.BizTalk.DefaultPipelines.PassThruTransmit, Microsoft.BizTalk.DefaultPipelines, Version=3.0.1.0, Culture=neutral, PublicKeyToken=31bf3856ad364e35" Type="2" />
      <PrimaryTransport>
        <Address>C:\Program Files (x86)\Microsoft BizTalk Server 2016\SDK\Samples\Pipelines\ComposedMessageProcessor\Out\%MessageID%.txt</Address>
        <TransportType Name="FILE" Capabilities="11" ConfigurationClsid="5e49e3a6-b4fc-4077-b44c-22f34a242fdb" />
        <TransportTypeData>&lt;CustomProps&gt;&lt;CopyMode vt="19"&gt;1&lt;/CopyMode&gt;&lt;FileName vt="8"&gt;%MessageID%.txt&lt;/FileName&gt;&lt;AllowCacheOnWrite vt="11"&gt;0&lt;/AllowCacheOnWrite&gt;&lt;/CustomProps&gt;</TransportTypeData>
        <RetryCount>3</RetryCount>
        <RetryInterval>5</RetryInterval>
        <ServiceWindowEnabled>false</ServiceWindowEnabled>
        <FromTime>2005-03-28T00:00:00.0000000-08:00</FromTime>
        <ToTime>2005-03-28T23:59:59.0000000-08:00</ToTime>
        <Primary>true</Primary>
        <OrderedDelivery>false</OrderedDelivery>
        <DeliveryNotification>1</DeliveryNotification>
      </PrimaryTransport>
      <SecondaryTransport>
        <Address />
        <RetryCount>3</RetryCount>
        <RetryInterval>5</RetryInterval>
        <ServiceWindowEnabled>false</ServiceWindowEnabled>
        <FromTime>2005-03-28T00:00:00.0000000-08:00</FromTime>
        <ToTime>2005-03-28T23:59:59.0000000-08:00</ToTime>
        <Primary>false</Primary>
        <OrderedDelivery>false</OrderedDelivery>
        <DeliveryNotification>1</DeliveryNotification>
      </SecondaryTransport>
      <ReceivePipelineData xsi:nil="true" />
      <Tracking>0</Tracking>
      <Filter />
      <Transforms />
      <OrderedDelivery>false</OrderedDelivery>
      <Priority>5</Priority>
      <StopSendingOnFailure>false</StopSendingOnFailure>
      <RouteFailedMessage>false</RouteFailedMessage>
      <ApplicationName>CMP Sample</ApplicationName>
    </SendPort>
  </SendPortCollection>
  <DistributionListCollection />
  <ReceivePortCollection>
    <ReceivePort Name="CMP_ReceivePort" IsTwoWay="false" BindingOption="0">
      <Description xsi:nil="true" />
      <ReceiveLocations>
        <ReceiveLocation Name="CMP_ReceiveLocation_FILE">
          <Description xsi:nil="true" />
          <Address>C:\Program Files (x86)\Microsoft BizTalk Server 2016\SDK\Samples\Pipelines\ComposedMessageProcessor\In\*.txt</Address>
          <PublicAddress />
          <Primary>true</Primary>
          <ReceiveLocationServiceWindowEnabled>false</ReceiveLocationServiceWindowEnabled>
          <ReceiveLocationFromTime>2005-03-28T00:00:00.0000000-08:00</ReceiveLocationFromTime>
          <ReceiveLocationToTime>2005-03-29T23:59:59.0000000-08:00</ReceiveLocationToTime>
          <ReceiveLocationStartDateEnabled>false</ReceiveLocationStartDateEnabled>
          <ReceiveLocationStartDate>2005-03-28T00:00:00.0000000-08:00</ReceiveLocationStartDate>
          <ReceiveLocationEndDateEnabled>false</ReceiveLocationEndDateEnabled>
          <ReceiveLocationEndDate>2005-03-28T00:00:00.0000000-08:00</ReceiveLocationEndDate>
          <ReceiveLocationTransportType Name="FILE" Capabilities="11" ConfigurationClsid="5e49e3a6-b4fc-4077-b44c-22f34a242fdb" />
          <ReceiveLocationTransportTypeData>&lt;CustomProps&gt;&lt;RemoveReceivedFileRetryCount vt="19"&gt;5&lt;/RemoveReceivedFileRetryCount&gt;&lt;RemoveReceivedFileMaxInterval vt="19"&gt;300000&lt;/RemoveReceivedFileMaxInterval&gt;&lt;FileMask vt="8"&gt;*.txt&lt;/FileMask&gt;&lt;BatchSizeInBytes vt="19"&gt;102400&lt;/BatchSizeInBytes&gt;&lt;PollingInterval vt="19"&gt;60000&lt;/PollingInterval&gt;&lt;BatchSize vt="19"&gt;5&lt;/BatchSize&gt;&lt;FileNetFailRetryInt vt="19"&gt;5&lt;/FileNetFailRetryInt&gt;&lt;RemoveReceivedFileDelay vt="19"&gt;10&lt;/RemoveReceivedFileDelay&gt;&lt;RenameReceivedFiles vt="11"&gt;0&lt;/RenameReceivedFiles&gt;&lt;FileNetFailRetryCount vt="19"&gt;5&lt;/FileNetFailRetryCount&gt;&lt;/CustomProps&gt;</ReceiveLocationTransportTypeData>
          <ReceivePipeline Name="Microsoft.BizTalk.DefaultPipelines.PassThruReceive" FullyQualifiedName="Microsoft.BizTalk.DefaultPipelines.PassThruReceive, Microsoft.BizTalk.DefaultPipelines, Version=3.0.1.0, Culture=neutral, PublicKeyToken=31bf3856ad364e35" Type="1" />
          <ReceivePipelineData xsi:nil="true" />
          <SendPipeline xsi:nil="true" />
          <SendPipelineData xsi:nil="true" />
          <Enable>false</Enable>
          <ReceiveHandler Name="BizTalkServerApplication">
            <TransportType Name="FILE" Capabilities="11" ConfigurationClsid="5e49e3a6-b4fc-4077-b44c-22f34a242fdb" />
          </ReceiveHandler>
        </ReceiveLocation>
      </ReceiveLocations>
      <SendPipelineData xsi:nil="true" />
      <Authentication>0</Authentication>
      <Tracking>0</Tracking>
      <Transforms />
      <RouteFailedMessage>false</RouteFailedMessage>
      <ApplicationName>CMP Sample</ApplicationName>
    </ReceivePort>
  </ReceivePortCollection>
  <PartyCollection />
</BindingInfo>