<?xml version="1.0" encoding="utf-8"?>
<BindingInfo xmlns:xsd="http://www.w3.org/2001/XMLSchema" xmlns:xsi="http://www.w3.org/2001/XMLSchema-instance" Assembly="Microsoft.BizTalk.Deployment, Version=3.0.1.0, Culture=neutral, PublicKeyToken=31bf3856ad364e35" Version="3.0.1.0" BindingStatus="NoBindings" BoundEndpoints="0" TotalEndpoints="0">
  <ModuleRefCollection>
    <ModuleRef Name="PipelineComponentSample" Version="1.0.0.0" Culture="" PublicKeyToken="" FullName="PipelineComponentSample, Version=1.0.0.0">
      <Services />
    </ModuleRef>
  </ModuleRefCollection>
  <SendPortCollection>
    <SendPort Name="PCSendPort" IsStatic="true" IsTwoWay="false">
      <TransmitPipeline Name="Microsoft.Samples.BizTalk.FixMsgSendPipeline" FullyQualifiedName="PipelineComponentSample:1.0.0.0:Microsoft.Samples.BizTalk.PipelineComponentSample.FixMsgSendPipeline" Type="2" />
      <SendPipelineData xsi:nil="true" />
      <PrimaryTransport>
        <Address>C:\Program Files (x86)\Microsoft BizTalk Server 2016\SDK\Samples\Pipelines\CustomComponent\Out\%MessageID%.txt</Address>
        <TransportType Name="FILE" Capabilities="11" ConfigurationClsid="5e49e3a6-b4fc-4077-b44c-22f34a242fdb" />
        <TransportTypeData>&lt;CustomProps&gt;&lt;FilePath vt="8"&gt;C:\Program Files (x86)\Microsoft BizTalk Server 2016\SDK\Samples\Pipelines\CustomComponent\Out&lt;/FilePath&gt;&lt;AllowCacheOnWrite vt="11"&gt;0&lt;/AllowCacheOnWrite&gt;&lt;FileName vt="8"&gt;%MessageID%.txt&lt;/FileName&gt;&lt;/CustomProps&gt;</TransportTypeData>
        <RetryCount>3</RetryCount>
        <RetryInterval>5</RetryInterval>
        <ServiceWindowEnabled>false</ServiceWindowEnabled>
        <FromTime>2000-01-01T00:00:00.0000000-08:00</FromTime>
        <ToTime>2000-01-01T23:59:59.0000000-08:00</ToTime>
        <Primary>true</Primary>
        <OrderedDelivery>false</OrderedDelivery>
      </PrimaryTransport>
      <SecondaryTransport>
        <Address />
        <TransportType xsi:nil="true" />
        <RetryCount>3</RetryCount>
        <RetryInterval>5</RetryInterval>
        <ServiceWindowEnabled>false</ServiceWindowEnabled>
        <FromTime>2000-01-01T00:00:00.0000000-08:00</FromTime>
        <ToTime>2000-01-01T23:59:59.0000000-08:00</ToTime>
        <Primary>false</Primary>
        <OrderedDelivery>false</OrderedDelivery>
      </SecondaryTransport>
      <EncryptionCert xsi:nil="true" />
      <ReceivePipeline xsi:nil="true" />
      <ReceivePipelineData xsi:nil="true" />
      <Tracking>0</Tracking>
      <Filter>&lt;Filter&gt;&lt;Group&gt;&lt;Statement Property="BTS.ReceivePortName" Operator="0" Value="PCReceivePort"/&gt;&lt;/Group&gt;&lt;/Filter&gt;</Filter>
      <Transforms />
    </SendPort>
  </SendPortCollection>
  <DistributionListCollection />
  <ReceivePortCollection>
    <ReceivePort Name="PCReceivePort" IsTwoWay="false">
      <ReceiveLocations>
        <ReceiveLocation Name="PCReceiveLocation">
          <Address>C:\Program Files (x86)\Microsoft BizTalk Server 2016\SDK\Samples\Pipelines\CustomComponent\In\*.txt</Address>
          <PublicAddress />
          <Primary>true</Primary>
          <ReceiveLocationTransportType Name="FILE" Capabilities="11" ConfigurationClsid="5e49e3a6-b4fc-4077-b44c-22f34a242fdb" />
          <ReceiveLocationTransportTypeData>&lt;CustomProps&gt;&lt;FileNetFailRetryInt vt="19"&gt;5&lt;/FileNetFailRetryInt&gt;&lt;FileNetFailRetryCount vt="19"&gt;5&lt;/FileNetFailRetryCount&gt;&lt;FileMask vt="8"&gt;*.txt&lt;/FileMask&gt;&lt;BatchSize vt="19"&gt;20&lt;/BatchSize&gt;&lt;FilePath vt="8"&gt;C:\Program Files (x86)\Microsoft BizTalk Server 2016\SDK\Samples\Pipelines\CustomComponent\In&lt;/FilePath&gt;&lt;/CustomProps&gt;</ReceiveLocationTransportTypeData>
          <ReceivePipeline Name="Microsoft.Samples.BizTalk.FixMsgReceivePipeline" FullyQualifiedName="PipelineComponentSample:1.0.0.0:Microsoft.Samples.BizTalk.PipelineComponentSample.FixMsgReceivePipeline" Type="1" />
          <ReceivePipelineData xsi:nil="true" />
          <Enable>true</Enable>
        </ReceiveLocation>
      </ReceiveLocations>
      <SendPipelineData xsi:nil="true" />
      <Authentication>0</Authentication>
      <Tracking>0</Tracking>
    </ReceivePort>
  </ReceivePortCollection>
  <PartyCollection />
</BindingInfo>