<?xml version="1.0" encoding="utf-8"?>
<BindingInfo xmlns:xsd="http://www.w3.org/2001/XMLSchema" xmlns:xsi="http://www.w3.org/2001/XMLSchema-instance" Assembly="Microsoft.BizTalk.Deployment, Version=3.0.1.0, Culture=neutral, PublicKeyToken=31bf3856ad364e35" Version="3.0.1.0" BindingStatus="FullyBound" BoundEndpoints="1" TotalEndpoints="1">
  <ModuleRefCollection>
    <ModuleRef Name="HTTPRequestResponse" Version="1.0.0.0" Culture="" PublicKeyToken="" FullName="HTTPRequestResponse, Version=1.0.0.0">
      <Services>
        <Service Name="Microsoft.Samples.BizTalk.HTTPRequestResponse.POReceiveOrchestration">
          <Ports>
            <Port Name="PORequestResponsePort" Modifier="2" BindingOption="1">
              <SendPortRef xsi:nil="true" />
              <DistributionListRef xsi:nil="true" />
              <ReceivePortRef Name="HTTPRequestResponsePort" />
            </Port>
          </Ports>
          <Roles />
        </Service>
      </Services>
    </ModuleRef>
  </ModuleRefCollection>
  <SendPortCollection />
  <DistributionListCollection />
  <ReceivePortCollection>
    <ReceivePort Name="HTTPRequestResponsePort" IsTwoWay="true">
      <ReceiveLocations>
        <ReceiveLocation Name="HTTPRequestResponseLocation">
          <Address>/HTTPRequestResponseSample/BTSHTTPReceive.dll</Address>
          <PublicAddress />
          <Primary>true</Primary>
          <ReceiveLocationTransportType Name="HTTP" Capabilities="387" ConfigurationClsid="1c56d157-0553-4345-8a1f-55d2d1a3ffb6" />
          <ReceiveLocationTransportTypeData>&lt;CustomProps&gt;&lt;ResponseContentType vt="8"&gt;text/xml&lt;/ResponseContentType&gt;&lt;UseSSO vt="11"&gt;0&lt;/UseSSO&gt;&lt;ReturnCorrelationHandle vt="11"&gt;-1&lt;/ReturnCorrelationHandle&gt;&lt;LoopBack vt="11"&gt;0&lt;/LoopBack&gt;&lt;/CustomProps&gt;</ReceiveLocationTransportTypeData>
          <ReceivePipeline Name="XMLReceive" FullyQualifiedName="Microsoft.BizTalk.DefaultPipelines:3.0.1.0:Microsoft.BizTalk.DefaultPipelines.XMLReceive" Type="1" />
          <ReceivePipelineData xsi:nil="true" />
          <SendPipeline Name="XMLTransmit" FullyQualifiedName="Microsoft.BizTalk.DefaultPipelines:3.0.1.0:Microsoft.BizTalk.DefaultPipelines.XMLTransmit" Type="2" />
          <SendPipelineData xsi:nil="true" />
          <Enable>true</Enable>
        </ReceiveLocation>
      </ReceiveLocations>
      <Authentication>0</Authentication>
      <Tracking>0</Tracking>
    </ReceivePort>
  </ReceivePortCollection>
  <PartyCollection />
</BindingInfo>