<?xml version="1.0" encoding="utf-8"?>
<BindingInfo xmlns:xsd="http://www.w3.org/2001/XMLSchema" xmlns:xsi="http://www.w3.org/2001/XMLSchema-instance" Assembly="Microsoft.BizTalk.Deployment, Version=3.0.1.0, Culture=neutral, PublicKeyToken=31bf3856ad364e35" Version="3.0.1.0" BindingStatus="NoBindings" BoundEndpoints="0" TotalEndpoints="0">
  <ModuleRefCollection>
    <ModuleRef Name="EnvelopeProcessing" Version="1.0.0.0" Culture="neutral" PublicKeyToken="" FullName="EnvelopeProcessing, Version=1.0.0.0, PublicKeyToken=null">
      <Services xsi:nil="true" />
    </ModuleRef>
  </ModuleRefCollection>
  <SendPortCollection>
    <SendPort Name="EnvelopeProcessing_SP" IsStatic="true" IsTwoWay="false">
      <TransmitPipeline Name="Microsoft.Samples.BizTalk.EnvelopeProcessing.EnvSendPipeline" FullyQualifiedName="EnvelopeProcessing:1.0.0.0:Microsoft.Samples.BizTalk.EnvelopeProcessing.EnvSendPipeline" Type="2" />
      <PrimaryTransport>
        <Address>C:\Program Files (x86)\Microsoft BizTalk Server 2016\SDK\Samples\Pipelines\AssemblerDisassembler\EnvelopeProcessing\EnvOutput\%MessageID%.xml</Address>
        <TransportType Name="FILE" Capabilities="11" ConfigurationClsid="5e49e3a6-b4fc-4077-b44c-22f34a242fdb" />
        <TransportTypeData>&lt;CustomProps&gt;&lt;FilePath vt="8"&gt;C:\Program Files (x86)\Microsoft BizTalk Server 2016\SDK\Samples\Pipelines\AssemblerDisassembler\EnvelopeProcessing\EnvOutput\&lt;/FilePath&gt;&lt;CopyMode vt="19"&gt;1&lt;/CopyMode&gt;&lt;FileName vt="8"&gt;%MessageID%.xml&lt;/FileName&gt;&lt;AllowCacheOnWrite vt="11"&gt;0&lt;/AllowCacheOnWrite&gt;&lt;/CustomProps&gt;</TransportTypeData>
        <RetryCount>3</RetryCount>
        <RetryInterval>5</RetryInterval>
        <ServiceWindowEnabled>false</ServiceWindowEnabled>
        <FromTime>2003-08-03T00:00:00.0000000-07:00</FromTime>
        <ToTime>2003-08-03T23:59:59.0000000-07:00</ToTime>
        <Primary>true</Primary>
        <OrderedDelivery>false</OrderedDelivery>
      </PrimaryTransport>
      <SecondaryTransport>
        <Address />
        <RetryCount>3</RetryCount>
        <RetryInterval>5</RetryInterval>
        <ServiceWindowEnabled>false</ServiceWindowEnabled>
        <FromTime>2003-08-03T00:00:00.0000000-07:00</FromTime>
        <ToTime>2003-08-03T23:59:59.0000000-07:00</ToTime>
        <Primary>false</Primary>
        <OrderedDelivery>false</OrderedDelivery>
      </SecondaryTransport>
      <ReceivePipelineData xsi:nil="true" />
      <Tracking>0</Tracking>
      <Filter>&lt;Filter&gt;&lt;Group&gt;&lt;Statement Property="BTS.ReceivePortName" Operator="0" Value="EnvelopeProcessing_RP"/&gt;&lt;/Group&gt;&lt;/Filter&gt;</Filter>
      <Transforms />
    </SendPort>
  </SendPortCollection>
  <DistributionListCollection />
  <ReceivePortCollection>
    <ReceivePort Name="EnvelopeProcessing_RP" IsTwoWay="false">
      <ReceiveLocations>
        <ReceiveLocation Name="EnvelopeProcessing_RL">
          <Address>C:\Program Files (x86)\Microsoft BizTalk Server 2016\SDK\Samples\Pipelines\AssemblerDisassembler\EnvelopeProcessing\EnvInput\*.txt</Address>
          <PublicAddress />
          <Primary>true</Primary>
          <ReceiveLocationTransportType Name="FILE" Capabilities="11" ConfigurationClsid="5e49e3a6-b4fc-4077-b44c-22f34a242fdb" />
          <ReceiveLocationTransportTypeData>&lt;CustomProps&gt;&lt;FilePath vt="8"&gt;C:\Program Files (x86)\Microsoft BizTalk Server 2016\SDK\Samples\Pipelines\AssemblerDisassembler\EnvelopeProcessing\EnvInput&lt;/FilePath&gt;&lt;BatchSize vt="19"&gt;20&lt;/BatchSize&gt;&lt;FileMask vt="8"&gt;*.txt&lt;/FileMask&gt;&lt;FileNetFailRetryCount vt="19"&gt;5&lt;/FileNetFailRetryCount&gt;&lt;FileNetFailRetryInt vt="19"&gt;5&lt;/FileNetFailRetryInt&gt;&lt;/CustomProps&gt;</ReceiveLocationTransportTypeData>
          <ReceivePipeline Name="Microsoft.Samples.BizTalk.EnvelopeProcessing.EnvReceivePipeline" FullyQualifiedName="EnvelopeProcessing:1.0.0.0:Microsoft.Samples.BizTalk.EnvelopeProcessing.EnvReceivePipeline" Type="1" />
          <ReceivePipelineData xsi:nil="true" />
          <Enable>true</Enable>
        </ReceiveLocation>
      </ReceiveLocations>
      <SendPipelineData xsi:nil="true" />
      <Authentication>0</Authentication>
      <Tracking>0</Tracking>
    </ReceivePort>
  </ReceivePortCollection>
  <PartyCollection />
  <RulesEnginePolicyCollection />
</BindingInfo>
