<SetMQSeriesHeaderConfig>
	<Header>
		<Type>String</Type>
		<Name>MQMD_AccountingToken</Name>
		<Value>1112131415161718192021222324252627282930313233343536373839404142</Value>
	</Header>
	<Header>
		<Type>String</Type>
		<Name>MQMD_ApplIdentityData</Name>
		<Value>ABCDEFGHIJKLMNOPQRSTUVWXYZ123456</Value>
	</Header>
	<Header>
		<Type>String</Type>
		<Name>MQMD_ApplOriginData</Name>
		<Value>ABCD</Value>
	</Header>
	<Header>
		<Type>String</Type>
		<Name>MQMD_CodedCharSetId</Name>
		<Value>0</Value>
	</Header>
	<Header>
		<Type>String</Type>
		<Name>MQMD_CorrelId</Name>
		<Value>111213141516171819202122232425262728293031323334</Value>
	</Header>
	<Header>
		<Type>String</Type>
		<Name>MQMD_Format</Name>
		<Value>MQSTR</Value>
	</Header>
	<Header>
		<Type>String</Type>
		<Name>MQMD_MsgId</Name>
		<Value>111213141516171819202122232425262728293031323334</Value>
	</Header>
	<Header>
		<Type>String</Type>
		<Name>MQMD_PutApplName</Name>
		<Value>ABCDEFGHIJKLMNOPQRSTVUWXYZ12</Value>
	</Header>
	<Header>
		<Type>uint32</Type>
		<Name>MQMD_PutApplType</Name>
		<Value>11</Value>
	</Header>
	<Header>
		<Type>uint32</Type>
		<Name>MQMD_Priority</Name>
		<Value>5</Value>
	</Header>
	<Header>
		<Type>uint32</Type>
		<Name>MQMD_Feedback</Name>
		<Value>0</Value>
	</Header>
	<Header>
		<Type>uint32</Type>
		<Name>MQMD_Persistence</Name>
		<Value>1</Value>
	</Header>
	<Header>
		<Type>uint32</Type>
		<Name>MQMD_Report</Name>
		<Value>0</Value>
	</Header>
	<Header>
		<Type>String</Type>
		<Name>MQMD_ReplyToQ</Name>
		<Value>MyReplyQ</Value>
	</Header>
	<Header>
		<Type>String</Type>
		<Name>MQMD_ReplyToQMgr</Name>
		<Value>MyReplyQMgr</Value>
	</Header>
	<Header>
		<Type>String</Type>
		<Name>MQMD_UserIdentifier</Name>
		<Value>ABCDEFGHIJKL</Value>
	</Header>
	<Header>
		<Type>String</Type>
		<Name>MQMD_PutDate</Name>
		<Value>20020101</Value>
	</Header>
	<Header>
		<Type>String</Type>
		<Name>MQMD_PutTime</Name>
		<Value>01010101</Value>
	</Header>
	<Header>
		<Type>uint32</Type>
		<Name>MQMD_Expiry</Name>
		<Value>4294967295</Value>
	</Header>
</SetMQSeriesHeaderConfig>