<?xml version="1.0" encoding="utf-8"?>
<BindingInfo xmlns:xsd="http://www.w3.org/2001/XMLSchema" xmlns:xsi="http://www.w3.org/2001/XMLSchema-instance" Assembly="Microsoft.BizTalk.Deployment, Version=3.0.1.0, Culture=neutral, PublicKeyToken=31bf3856ad364e35" Version="3.0.1.0" BindingStatus="FullyBound" BoundEndpoints="2" TotalEndpoints="2">
  <ModuleRefCollection>
    <ModuleRef Name="Microsoft.Samples.BizTalk.BamEndToEnd.Services" Version="1.0.0.0" Culture="neutral" PublicKeyToken="" FullName="">
      <Services>
        <Service Name="BamEndToEnd.Services.Orchestration1">
          <Ports>
            <Port Name="Port_1" Modifier="2" BindingOption="1">
              <SendPortRef xsi:nil="true" />
              <DistributionListRef xsi:nil="true" />
              <ReceivePortRef Name="BamEndToEnd_ReceivePort" />
            </Port>
          </Ports>
          <Roles />
        </Service>
        <Service Name="BamEndToEnd.Services.Orchestration2">
          <Ports />
          <Roles />
        </Service>
        <Service Name="BamEndToEnd.Services.Orchestration3">
          <Ports>
            <Port Name="Port_4" Modifier="1" BindingOption="1">
              <SendPortRef Name="BamEndToEnd_SendPort" />
              <DistributionListRef xsi:nil="true" />
              <ReceivePortRef xsi:nil="true" />
            </Port>
          </Ports>
          <Roles />
        </Service>
      </Services>
    </ModuleRef>
  </ModuleRefCollection>
  <SendPortCollection>
    <SendPort Name="BamEndToEnd_SendPort" IsStatic="true" IsTwoWay="false">
      <TransmitPipeline Name="Microsoft.BizTalk.DefaultPipelines.XMLTransmit" FullyQualifiedName="Microsoft.BizTalk.DefaultPipelines.XMLTransmit, Microsoft.BizTalk.DefaultPipelines, Version=3.0.1.0, Culture=neutral, PublicKeyToken=31bf3856ad364e35" Type="2" />
      <PrimaryTransport>
        <Address>C:\Program Files (x86)\Microsoft BizTalk Server 2016\SDK\Samples\BAM\BamEndToEnd\Output\%messageId%.xml</Address>
        <TransportType Name="FILE" Capabilities="11" ConfigurationClsid="5e49e3a6-b4fc-4077-b44c-22f34a242fdb" />
        <TransportTypeData>&lt;CustomProps&gt;&lt;FilePath vt="8"&gt;C:\Program Files (x86)\Microsoft BizTalk Server 2016\SDK\Samples\BAM\BamEndToEnd\Output&lt;/FilePath&gt;&lt;AllowCacheOnWrite vt="11"&gt;0&lt;/AllowCacheOnWrite&gt;&lt;FileName vt="8"&gt;%MessageID%.xml&lt;/FileName&gt;&lt;/CustomProps&gt;</TransportTypeData>
        <RetryCount>3</RetryCount>
        <RetryInterval>5</RetryInterval>
        <ServiceWindowEnabled>false</ServiceWindowEnabled>
        <FromTime>2004-02-25T00:00:00.0000000-08:00</FromTime>
        <ToTime>2004-02-25T23:59:59.0000000-08:00</ToTime>
        <Primary>true</Primary>
        <OrderedDelivery>false</OrderedDelivery>
      </PrimaryTransport>
      <SecondaryTransport>
        <Address />
        <RetryCount>3</RetryCount>
        <RetryInterval>5</RetryInterval>
        <ServiceWindowEnabled>false</ServiceWindowEnabled>
        <FromTime>2004-02-25T00:00:00.0000000-08:00</FromTime>
        <ToTime>2004-02-25T23:59:59.0000000-08:00</ToTime>
        <Primary>false</Primary>
        <OrderedDelivery>false</OrderedDelivery>
      </SecondaryTransport>
      <ReceivePipelineData xsi:nil="true" />
      <Tracking>0</Tracking>
      <Filter />
      <Transforms />
    </SendPort>
  </SendPortCollection>
  <DistributionListCollection />
  <ReceivePortCollection>
    <ReceivePort Name="BamEndToEnd_ReceivePort" IsTwoWay="false">
      <ReceiveLocations>
        <ReceiveLocation Name="BamEndToEnd_ReceiveLocation">
          <Address>C:\Program Files (x86)\Microsoft BizTalk Server 2016\SDK\Samples\BAM\BAMEndToEnd\Input\*.xml</Address>
          <PublicAddress />
          <Primary>true</Primary>
          <ReceiveLocationTransportType Name="FILE" Capabilities="11" ConfigurationClsid="5e49e3a6-b4fc-4077-b44c-22f34a242fdb" />
          <ReceiveLocationTransportTypeData>&lt;CustomProps&gt;&lt;FileNetFailRetryInt vt="19"&gt;5&lt;/FileNetFailRetryInt&gt;&lt;FileNetFailRetryCount vt="19"&gt;5&lt;/FileNetFailRetryCount&gt;&lt;FileMask vt="8"&gt;*.xml&lt;/FileMask&gt;&lt;BatchSize vt="19"&gt;20&lt;/BatchSize&gt;&lt;FilePath vt="8"&gt;C:\Program Files (x86)\Microsoft BizTalk Server 2016\SDK\Samples\BAM\BAMEndToEnd\Input&lt;/FilePath&gt;&lt;/CustomProps&gt;</ReceiveLocationTransportTypeData>
          <ReceivePipeline Name="BamEndToEnd.Services.BAMInbound" FullyQualifiedName="BamEndToEnd.Services.BAMInbound, Microsoft.Samples.BizTalk.BamEndToEnd.Services, Version=1.0.0.0, Culture=neutral" Type="1" />
          <ReceivePipelineData xsi:nil="true" />
          <Enable>false</Enable>
        </ReceiveLocation>
      </ReceiveLocations>
      <SendPipelineData xsi:nil="true" />
      <Authentication>0</Authentication>
      <Tracking>0</Tracking>
      <Transforms />
    </ReceivePort>
  </ReceivePortCollection>
  <PartyCollection />
</BindingInfo>