<?xml version="1.0" encoding="utf-8"?>
<BindingInfo xmlns:xsi="http://www.w3.org/2001/XMLSchema-instance" xmlns:xsd="http://www.w3.org/2001/XMLSchema" Assembly="Microsoft.BizTalk.Deployment, Version=3.0.1.0, Culture=neutral, PublicKeyToken=31bf3856ad364e35" Version="3.0.1.0" BindingStatus="FullyBound" BoundEndpoints="2" TotalEndpoints="2">
  <Timestamp>2005-04-10T13:10:13.6666101-07:00</Timestamp>
  <ModuleRefCollection>
    <ModuleRef Name="[Application:Error Handling Sample]" Version="" Culture="" PublicKeyToken="" FullName="[Application:Error Handling Sample], Version=, Culture=, PublicKeyToken=">
      <Services />
      <TrackedSchemas>
        <Schema FullName="ErrorHandling.PipelinesAndSchemas.PropertySchema.PropertySchema" AssemblyQualifiedName="ErrorHandling.PipelinesAndSchemas.PropertySchema.PropertySchema,ErrorHandling.PipelinesAndSchemas, Version=1.0.0.0, Culture=neutral, PublicKeyToken=faaa24781533221a">
          <TrackedPropertyNames />
        </Schema>
        <Schema FullName="ErrorHandling.PipelinesAndSchemas.ExpenseReportSchema" AssemblyQualifiedName="ErrorHandling.PipelinesAndSchemas.ExpenseReportSchema,ErrorHandling.PipelinesAndSchemas, Version=1.0.0.0, Culture=neutral, PublicKeyToken=faaa24781533221a">
          <TrackedPropertyNames />
        </Schema>
      </TrackedSchemas>
    </ModuleRef>
    <ModuleRef Name="ErrorHandling.PipelinesAndSchemas" Version="1.0.0.0" Culture="neutral" PublicKeyToken="faaa24781533221a" FullName="ErrorHandling.PipelinesAndSchemas, Version=1.0.0.0, Culture=neutral, PublicKeyToken=faaa24781533221a">
      <Services />
      <TrackedSchemas />
    </ModuleRef>
    <ModuleRef Name="ErrorHandling.ErrorHandler" Version="1.0.0.0" Culture="" PublicKeyToken="" FullName="ErrorHandling.ErrorHandler, Version=1.0.0.0">
      <Services>
        <Service Name="ErrorHandling.ErrorHandler.ResubmitLogic" State="Unenlisted">
          <Ports>
            <Port Name="SendErrorReport" Modifier="1" BindingOption="1">
              <SendPortRef Name="SendErrorReport_FILE" />
              <DistributionListRef xsi:nil="true" />
              <ReceivePortRef xsi:nil="true" />
            </Port>
            <Port Name="ReceiveErrorReportPort" Modifier="2" BindingOption="1">
              <SendPortRef xsi:nil="true" />
              <DistributionListRef xsi:nil="true" />
              <ReceivePortRef Name="ReceiveResubmittedMessage" />
            </Port>
          </Ports>
          <Roles />
          <Host Name="BizTalkServerApplication" NTGroupName="BizTalk Application Users" Type="1" />
        </Service>
        <Service Name="ErrorHandling.ErrorHandler.SuspendMessage" State="Unenlisted">
          <Ports />
          <Roles />
          <Host Name="BizTalkServerApplication" NTGroupName="BizTalk Application Users" Type="1" />
        </Service>
      </Services>
      <TrackedSchemas />
    </ModuleRef>
  </ModuleRefCollection>
  <SendPortCollection>
    <SendPort Name="SendErrorReport_FILE" IsStatic="true" IsTwoWay="false" BindingOption="0">
      <Description xsi:nil="true" />
      <TransmitPipeline Name="Microsoft.BizTalk.DefaultPipelines.XMLTransmit" FullyQualifiedName="Microsoft.BizTalk.DefaultPipelines.XMLTransmit, Microsoft.BizTalk.DefaultPipelines, Version=3.0.1.0, Culture=neutral, PublicKeyToken=31bf3856ad364e35" Type="2" />
      <SendPipelineData>&lt;Root xmlns:xsd="http://www.w3.org/2001/XMLSchema" xmlns:xsi="http://www.w3.org/2001/XMLSchema-instance"&gt;&lt;Stages&gt;&lt;Stage CategoryId="9d0e4107-4cce-4536-83fa-4a5040674ad6"&gt;&lt;Components&gt;&lt;Component Name="Microsoft.BizTalk.Component.XmlAsmComp"&gt;&lt;Properties&gt;&lt;ProcessingInstructionsOptions vt="3"&gt;1&lt;/ProcessingInstructionsOptions&gt;&lt;XmlAsmProcessingInstructions vt="8"&gt;&amp;lt;?mso-infoPathSolution solutionVersion="1.0.0.22" productVersion="11.0.6357" PIVersion="1.0.0.0" href="file:///C:\Temp\InfoPathForms\Expense%20Report%20-%20Resubmit.xsn" name="urn:schemas-microsoft-com:office:infopath:Expense-Report---Resubmit:http---schemas-microsoft-com-biztalk-2006-sample-ExpenseReport" ?&amp;gt;&amp;lt;?mso-application progid="InfoPath.Document"?&amp;gt;&lt;/XmlAsmProcessingInstructions&gt;&lt;/Properties&gt;&lt;/Component&gt;&lt;/Components&gt;&lt;/Stage&gt;&lt;/Stages&gt;&lt;/Root&gt;</SendPipelineData>
      <PrimaryTransport>
        <Address>C:\Program Files (x86)\Microsoft BizTalk Server 2016\SDK\Samples\Messaging\ErrorHandling\ExpenseReportOut\ErrorReport_%datetime.tz%.xml</Address>
        <TransportType Name="FILE" Capabilities="11" ConfigurationClsid="5e49e3a6-b4fc-4077-b44c-22f34a242fdb" />
        <TransportTypeData>&lt;CustomProps&gt;&lt;CopyMode vt="19"&gt;1&lt;/CopyMode&gt;&lt;FileName vt="8"&gt;ErrorReport_%datetime.tz%.xml&lt;/FileName&gt;&lt;AllowCacheOnWrite vt="11"&gt;0&lt;/AllowCacheOnWrite&gt;&lt;/CustomProps&gt;</TransportTypeData>
        <RetryCount>3</RetryCount>
        <RetryInterval>5</RetryInterval>
        <ServiceWindowEnabled>false</ServiceWindowEnabled>
        <FromTime>2005-04-10T00:00:00-07:00</FromTime>
        <ToTime>2005-04-10T23:59:59-07:00</ToTime>
        <Primary>true</Primary>
        <OrderedDelivery>false</OrderedDelivery>
        <DeliveryNotification>1</DeliveryNotification>
      </PrimaryTransport>
      <SecondaryTransport>
        <Address />
        <RetryCount>3</RetryCount>
        <RetryInterval>5</RetryInterval>
        <ServiceWindowEnabled>false</ServiceWindowEnabled>
        <FromTime>2005-04-10T00:00:00-07:00</FromTime>
        <ToTime>2005-04-10T23:59:59-07:00</ToTime>
        <Primary>false</Primary>
        <OrderedDelivery>false</OrderedDelivery>
        <DeliveryNotification>1</DeliveryNotification>
      </SecondaryTransport>
      <ReceivePipelineData xsi:nil="true" />
      <Tracking>0</Tracking>
      <Filter />
      <Transforms />
      <OrderedDelivery>false</OrderedDelivery>
      <Priority>5</Priority>
      <StopSendingOnFailure>false</StopSendingOnFailure>
      <RouteFailedMessage>false</RouteFailedMessage>
      <ApplicationName>Error Handling Sample</ApplicationName>
    </SendPort>
    <SendPort Name="SendExpenseReport_FILE" IsStatic="true" IsTwoWay="false" BindingOption="0">
      <Description xsi:nil="true" />
      <TransmitPipeline Name="Microsoft.BizTalk.DefaultPipelines.XMLTransmit" FullyQualifiedName="Microsoft.BizTalk.DefaultPipelines.XMLTransmit, Microsoft.BizTalk.DefaultPipelines, Version=3.0.1.0, Culture=neutral, PublicKeyToken=31bf3856ad364e35" Type="2" />
      <SendPipelineData>&lt;Root xmlns:xsd="http://www.w3.org/2001/XMLSchema" xmlns:xsi="http://www.w3.org/2001/XMLSchema-instance"&gt;&lt;Stages&gt;&lt;Stage CategoryId="9d0e4107-4cce-4536-83fa-4a5040674ad6"&gt;&lt;Components&gt;&lt;Component Name="Microsoft.BizTalk.Component.XmlAsmComp"&gt;&lt;Properties&gt;&lt;ProcessingInstructionsOptions vt="3"&gt;1&lt;/ProcessingInstructionsOptions&gt;&lt;XmlAsmProcessingInstructions vt="8"&gt;&amp;lt;?mso-infoPathSolution solutionVersion="1.0.0.34" productVersion="11.0.6357" PIVersion="1.0.0.0" href="file:///C:\Temp\InfoPathForms\Expense%20Report.xsn" name="urn:schemas-microsoft-com:office:infopath:Expense-Report:http---schemas-microsoft-com-biztalk-2006-sample-ExpenseReport" ?&amp;gt;&amp;lt;?mso-application progid="InfoPath.Document"?&amp;gt;&lt;/XmlAsmProcessingInstructions&gt;&lt;/Properties&gt;&lt;/Component&gt;&lt;/Components&gt;&lt;/Stage&gt;&lt;/Stages&gt;&lt;/Root&gt;</SendPipelineData>
      <PrimaryTransport>
        <Address>C:\Program Files (x86)\Microsoft BizTalk Server 2016\SDK\Samples\Messaging\ErrorHandling\ExpenseReportOut\Expense_%MessageID%.xml</Address>
        <TransportType Name="FILE" Capabilities="11" ConfigurationClsid="5e49e3a6-b4fc-4077-b44c-22f34a242fdb" />
        <TransportTypeData>&lt;CustomProps&gt;&lt;CopyMode vt="19"&gt;1&lt;/CopyMode&gt;&lt;FileName vt="8"&gt;Expense_%MessageID%.xml&lt;/FileName&gt;&lt;AllowCacheOnWrite vt="11"&gt;0&lt;/AllowCacheOnWrite&gt;&lt;/CustomProps&gt;</TransportTypeData>
        <RetryCount>3</RetryCount>
        <RetryInterval>5</RetryInterval>
        <ServiceWindowEnabled>false</ServiceWindowEnabled>
        <FromTime>2005-04-10T00:00:00-07:00</FromTime>
        <ToTime>2005-04-10T23:59:59-07:00</ToTime>
        <Primary>true</Primary>
        <OrderedDelivery>false</OrderedDelivery>
        <DeliveryNotification>1</DeliveryNotification>
      </PrimaryTransport>
      <SecondaryTransport>
        <Address />
        <RetryCount>3</RetryCount>
        <RetryInterval>5</RetryInterval>
        <ServiceWindowEnabled>false</ServiceWindowEnabled>
        <FromTime>2005-04-10T00:00:00-07:00</FromTime>
        <ToTime>2005-04-10T23:59:59-07:00</ToTime>
        <Primary>false</Primary>
        <OrderedDelivery>false</OrderedDelivery>
        <DeliveryNotification>1</DeliveryNotification>
      </SecondaryTransport>
      <ReceivePipelineData xsi:nil="true" />
      <Tracking>0</Tracking>
      <Filter>&lt;?xml version="1.0" encoding="utf-16"?&gt;
&lt;Filter xmlns:xsi="http://www.w3.org/2001/XMLSchema-instance" xmlns:xsd="http://www.w3.org/2001/XMLSchema"&gt;
  &lt;Group&gt;
    &lt;Statement Property="ErrorHandling.PipelinesAndSchemas.PropertySchema.department" Operator="0" Value="Marketing" /&gt;
    &lt;Statement Property="ErrorHandling.PipelinesAndSchemas.PropertySchema.correlationID" Operator="0" Value="null" /&gt;
  &lt;/Group&gt;
&lt;/Filter&gt;</Filter>
      <Transforms />
      <OrderedDelivery>false</OrderedDelivery>
      <Priority>5</Priority>
      <StopSendingOnFailure>false</StopSendingOnFailure>
      <RouteFailedMessage>false</RouteFailedMessage>
      <ApplicationName>Error Handling Sample</ApplicationName>
    </SendPort>
  </SendPortCollection>
  <DistributionListCollection />
  <ReceivePortCollection>
    <ReceivePort Name="ReceiveResubmittedMessage" IsTwoWay="false" BindingOption="0">
      <Description xsi:nil="true" />
      <ReceiveLocations>
        <ReceiveLocation Name="ReceiveResubmittedMessage_FILE">
          <Description xsi:nil="true" />
          <Address>C:\Program Files (x86)\Microsoft BizTalk Server 2016\SDK\Samples\Messaging\ErrorHandling\ResubmittedReportIn\*.xml</Address>
          <PublicAddress />
          <Primary>true</Primary>
          <ReceiveLocationServiceWindowEnabled>false</ReceiveLocationServiceWindowEnabled>
          <ReceiveLocationFromTime>2000-01-01T00:00:00</ReceiveLocationFromTime>
          <ReceiveLocationToTime>2000-01-01T23:59:59</ReceiveLocationToTime>
          <ReceiveLocationStartDateEnabled>false</ReceiveLocationStartDateEnabled>
          <ReceiveLocationStartDate>2005-03-10T00:00:00</ReceiveLocationStartDate>
          <ReceiveLocationEndDateEnabled>false</ReceiveLocationEndDateEnabled>
          <ReceiveLocationEndDate>2005-03-10T00:00:00</ReceiveLocationEndDate>
          <ReceiveLocationTransportType Name="FILE" Capabilities="11" ConfigurationClsid="5e49e3a6-b4fc-4077-b44c-22f34a242fdb" />
          <ReceiveLocationTransportTypeData>&lt;CustomProps&gt;&lt;RemoveReceivedFileRetryCount vt="19"&gt;5&lt;/RemoveReceivedFileRetryCount&gt;&lt;RemoveReceivedFileMaxInterval vt="19"&gt;300000&lt;/RemoveReceivedFileMaxInterval&gt;&lt;FileMask vt="8"&gt;*.xml&lt;/FileMask&gt;&lt;BatchSizeInBytes vt="19"&gt;102400&lt;/BatchSizeInBytes&gt;&lt;PollingInterval vt="19"&gt;60000&lt;/PollingInterval&gt;&lt;BatchSize vt="19"&gt;20&lt;/BatchSize&gt;&lt;FileNetFailRetryInt vt="19"&gt;5&lt;/FileNetFailRetryInt&gt;&lt;RemoveReceivedFileDelay vt="19"&gt;10&lt;/RemoveReceivedFileDelay&gt;&lt;RenameReceivedFiles vt="11"&gt;0&lt;/RenameReceivedFiles&gt;&lt;FileNetFailRetryCount vt="19"&gt;5&lt;/FileNetFailRetryCount&gt;&lt;/CustomProps&gt;</ReceiveLocationTransportTypeData>
          <ReceivePipeline Name="Microsoft.BizTalk.DefaultPipelines.XMLReceive" FullyQualifiedName="Microsoft.BizTalk.DefaultPipelines.XMLReceive, Microsoft.BizTalk.DefaultPipelines, Version=3.0.1.0, Culture=neutral, PublicKeyToken=31bf3856ad364e35" Type="1" />
          <ReceivePipelineData xsi:nil="true" />
          <SendPipeline xsi:nil="true" />
          <SendPipelineData xsi:nil="true" />
          <Enable>false</Enable>
          <ReceiveHandler Name="BizTalkServerApplication">
            <TransportType Name="FILE" Capabilities="11" ConfigurationClsid="5e49e3a6-b4fc-4077-b44c-22f34a242fdb" />
          </ReceiveHandler>
        </ReceiveLocation>
        <ReceiveLocation Name="ReceiveResubmittedMessage_HTTP">
          <Description xsi:nil="true" />
          <Address>/ExpenseReports/BTSHTTPReceive.dll?resubmit</Address>
          <PublicAddress />
          <Primary>false</Primary>
          <ReceiveLocationServiceWindowEnabled>false</ReceiveLocationServiceWindowEnabled>
          <ReceiveLocationFromTime>2000-01-01T00:00:00</ReceiveLocationFromTime>
          <ReceiveLocationToTime>2000-01-01T23:59:59</ReceiveLocationToTime>
          <ReceiveLocationStartDateEnabled>false</ReceiveLocationStartDateEnabled>
          <ReceiveLocationStartDate>2005-03-17T00:00:00</ReceiveLocationStartDate>
          <ReceiveLocationEndDateEnabled>false</ReceiveLocationEndDateEnabled>
          <ReceiveLocationEndDate>2005-03-17T00:00:00</ReceiveLocationEndDate>
          <ReceiveLocationTransportType Name="HTTP" Capabilities="387" ConfigurationClsid="1c56d157-0553-4345-8a1f-55d2d1a3ffb6" />
          <ReceiveLocationTransportTypeData>&lt;CustomProps&gt;&lt;ReturnCorrelationHandle vt="11"&gt;-1&lt;/ReturnCorrelationHandle&gt;&lt;ResponseContentType vt="8"&gt;text/xml&lt;/ResponseContentType&gt;&lt;SuspendFailedRequests vt="11"&gt;0&lt;/SuspendFailedRequests&gt;&lt;UseSSO vt="11"&gt;0&lt;/UseSSO&gt;&lt;LoopBack vt="11"&gt;0&lt;/LoopBack&gt;&lt;/CustomProps&gt;</ReceiveLocationTransportTypeData>
          <ReceivePipeline Name="Microsoft.BizTalk.DefaultPipelines.XMLReceive" FullyQualifiedName="Microsoft.BizTalk.DefaultPipelines.XMLReceive, Microsoft.BizTalk.DefaultPipelines, Version=3.0.1.0, Culture=neutral, PublicKeyToken=31bf3856ad364e35" Type="1" />
          <ReceivePipelineData xsi:nil="true" />
          <SendPipeline xsi:nil="true" />
          <SendPipelineData xsi:nil="true" />
          <Enable>false</Enable>
          <ReceiveHandler Name="BizTalkServerIsolatedHost">
            <TransportType Name="HTTP" Capabilities="387" ConfigurationClsid="1c56d157-0553-4345-8a1f-55d2d1a3ffb6" />
          </ReceiveHandler>
        </ReceiveLocation>
      </ReceiveLocations>
      <SendPipelineData xsi:nil="true" />
      <Authentication>0</Authentication>
      <Tracking>0</Tracking>
      <Transforms />
      <RouteFailedMessage>false</RouteFailedMessage>
      <ApplicationName>Error Handling Sample</ApplicationName>
    </ReceivePort>
    <ReceivePort Name="ReceiveExpenseReport" IsTwoWay="false" BindingOption="0">
      <Description xsi:nil="true" />
      <ReceiveLocations>
        <ReceiveLocation Name="ReceiveExpenseReport_FILE">
          <Description xsi:nil="true" />
          <Address>C:\Program Files (x86)\Microsoft BizTalk Server 2016\SDK\Samples\Messaging\ErrorHandling\ExpenseReportIn\*.xml</Address>
          <PublicAddress />
          <Primary>true</Primary>
          <ReceiveLocationServiceWindowEnabled>false</ReceiveLocationServiceWindowEnabled>
          <ReceiveLocationFromTime>2000-01-01T00:00:00</ReceiveLocationFromTime>
          <ReceiveLocationToTime>2000-01-01T23:59:59</ReceiveLocationToTime>
          <ReceiveLocationStartDateEnabled>false</ReceiveLocationStartDateEnabled>
          <ReceiveLocationStartDate>2005-03-10T00:00:00</ReceiveLocationStartDate>
          <ReceiveLocationEndDateEnabled>false</ReceiveLocationEndDateEnabled>
          <ReceiveLocationEndDate>2005-03-10T00:00:00</ReceiveLocationEndDate>
          <ReceiveLocationTransportType Name="FILE" Capabilities="11" ConfigurationClsid="5e49e3a6-b4fc-4077-b44c-22f34a242fdb" />
          <ReceiveLocationTransportTypeData>&lt;CustomProps&gt;&lt;RemoveReceivedFileRetryCount vt="19"&gt;5&lt;/RemoveReceivedFileRetryCount&gt;&lt;RemoveReceivedFileMaxInterval vt="19"&gt;300000&lt;/RemoveReceivedFileMaxInterval&gt;&lt;FileMask vt="8"&gt;*.xml&lt;/FileMask&gt;&lt;BatchSizeInBytes vt="19"&gt;102400&lt;/BatchSizeInBytes&gt;&lt;PollingInterval vt="19"&gt;60000&lt;/PollingInterval&gt;&lt;BatchSize vt="19"&gt;20&lt;/BatchSize&gt;&lt;FileNetFailRetryInt vt="19"&gt;5&lt;/FileNetFailRetryInt&gt;&lt;RemoveReceivedFileDelay vt="19"&gt;10&lt;/RemoveReceivedFileDelay&gt;&lt;RenameReceivedFiles vt="11"&gt;0&lt;/RenameReceivedFiles&gt;&lt;FileNetFailRetryCount vt="19"&gt;5&lt;/FileNetFailRetryCount&gt;&lt;/CustomProps&gt;</ReceiveLocationTransportTypeData>
          <ReceivePipeline Name="Microsoft.BizTalk.DefaultPipelines.XMLReceive" FullyQualifiedName="Microsoft.BizTalk.DefaultPipelines.XMLReceive, Microsoft.BizTalk.DefaultPipelines, Version=3.0.1.0, Culture=neutral, PublicKeyToken=31bf3856ad364e35" Type="1" />
          <ReceivePipelineData xsi:nil="true" />
          <SendPipeline xsi:nil="true" />
          <SendPipelineData xsi:nil="true" />
          <Enable>false</Enable>
          <ReceiveHandler Name="BizTalkServerApplication">
            <TransportType Name="FILE" Capabilities="11" ConfigurationClsid="5e49e3a6-b4fc-4077-b44c-22f34a242fdb" />
          </ReceiveHandler>
        </ReceiveLocation>
        <ReceiveLocation Name="ReceiveExpenseReport_HTTP">
          <Description xsi:nil="true" />
          <Address>/ExpenseReports/BTSHTTPReceive.dll?submit</Address>
          <PublicAddress />
          <Primary>false</Primary>
          <ReceiveLocationServiceWindowEnabled>false</ReceiveLocationServiceWindowEnabled>
          <ReceiveLocationFromTime>2000-01-01T00:00:00</ReceiveLocationFromTime>
          <ReceiveLocationToTime>2000-01-01T23:59:59</ReceiveLocationToTime>
          <ReceiveLocationStartDateEnabled>false</ReceiveLocationStartDateEnabled>
          <ReceiveLocationStartDate>2005-03-16T00:00:00</ReceiveLocationStartDate>
          <ReceiveLocationEndDateEnabled>false</ReceiveLocationEndDateEnabled>
          <ReceiveLocationEndDate>2005-03-16T00:00:00</ReceiveLocationEndDate>
          <ReceiveLocationTransportType Name="HTTP" Capabilities="387" ConfigurationClsid="1c56d157-0553-4345-8a1f-55d2d1a3ffb6" />
          <ReceiveLocationTransportTypeData>&lt;CustomProps&gt;&lt;ReturnCorrelationHandle vt="11"&gt;-1&lt;/ReturnCorrelationHandle&gt;&lt;ResponseContentType vt="8"&gt;text/xml&lt;/ResponseContentType&gt;&lt;SuspendFailedRequests vt="11"&gt;-1&lt;/SuspendFailedRequests&gt;&lt;UseSSO vt="11"&gt;0&lt;/UseSSO&gt;&lt;LoopBack vt="11"&gt;0&lt;/LoopBack&gt;&lt;/CustomProps&gt;</ReceiveLocationTransportTypeData>
          <ReceivePipeline Name="Microsoft.BizTalk.DefaultPipelines.XMLReceive" FullyQualifiedName="Microsoft.BizTalk.DefaultPipelines.XMLReceive, Microsoft.BizTalk.DefaultPipelines, Version=3.0.1.0, Culture=neutral, PublicKeyToken=31bf3856ad364e35" Type="1" />
          <ReceivePipelineData xsi:nil="true" />
          <SendPipeline xsi:nil="true" />
          <SendPipelineData xsi:nil="true" />
          <Enable>false</Enable>
          <ReceiveHandler Name="BizTalkServerIsolatedHost">
            <TransportType Name="HTTP" Capabilities="387" ConfigurationClsid="1c56d157-0553-4345-8a1f-55d2d1a3ffb6" />
          </ReceiveHandler>
        </ReceiveLocation>
      </ReceiveLocations>
      <SendPipelineData xsi:nil="true" />
      <Authentication>0</Authentication>
      <Tracking>0</Tracking>
      <Transforms />
      <RouteFailedMessage>true</RouteFailedMessage>
      <ApplicationName>Error Handling Sample</ApplicationName>
    </ReceivePort>
  </ReceivePortCollection>
  <PartyCollection />
</BindingInfo>