<?xml version="1.0" encoding="utf-8"?>
<BindingInfo xmlns:xsd="http://www.w3.org/2001/XMLSchema" xmlns:xsi="http://www.w3.org/2001/XMLSchema-instance" Assembly="Microsoft.BizTalk.Deployment, Version=3.0.1.0, Culture=neutral, PublicKeyToken=31bf3856ad364e35" Version="3.0.1.0" BindingStatus="NoBindings" BoundEndpoints="0" TotalEndpoints="0">
  <ModuleRefCollection>
    <ModuleRef Name="~" Version="0.0" Culture="" PublicKeyToken="" FullName="~, Version=0.0">
      <Services xsi:nil="true" />
    </ModuleRef>
  </ModuleRefCollection>
  <SendPortCollection>
    <SendPort Name="SubmitMessagesSP" IsStatic="true" IsTwoWay="false">
      <TransmitPipeline Name="PassThruTransmit" FullyQualifiedName="Microsoft.BizTalk.DefaultPipelines:3.0.1.0:Microsoft.BizTalk.DefaultPipelines.PassThruTransmit" Type="2" />
      <SendPipelineData xsi:nil="true" />
      <PrimaryTransport>
        <Address>C:\Program Files (x86)\Microsoft BizTalk Server 2016\SDK\Samples\AdaptersDevelopment\SubmitDirect\Out\%MessageID%.txt</Address>
        <TransportType Name="FILE" Capabilities="11" ConfigurationClsid="5e49e3a6-b4fc-4077-b44c-22f34a242fdb" />
        <TransportTypeData>&lt;CustomProps&gt;&lt;FilePath vt="8"&gt;C:\Program Files (x86)\Microsoft BizTalk Server 2016\SDK\Samples\AdaptersDevelopment\SubmitDirect\Out&lt;/FilePath&gt;&lt;CopyMode vt="19"&gt;1&lt;/CopyMode&gt;&lt;FileName vt="8"&gt;%MessageID%.txt&lt;/FileName&gt;&lt;AllowCacheOnWrite vt="11"&gt;0&lt;/AllowCacheOnWrite&gt;&lt;/CustomProps&gt;</TransportTypeData>
        <RetryCount>3</RetryCount>
        <RetryInterval>5</RetryInterval>
        <ServiceWindowEnabled>false</ServiceWindowEnabled>
        <FromTime>2003-03-11T00:00:00.0000000-08:00</FromTime>
        <ToTime>2003-03-11T23:59:59.0000000-08:00</ToTime>
        <Primary>true</Primary>
        <OrderedDelivery>false</OrderedDelivery>
      </PrimaryTransport>
      <SecondaryTransport>
        <Address />
        <TransportType xsi:nil="true" />
        <RetryCount>3</RetryCount>
        <RetryInterval>5</RetryInterval>
        <ServiceWindowEnabled>false</ServiceWindowEnabled>
        <FromTime>2003-03-11T00:00:00.0000000-08:00</FromTime>
        <ToTime>2003-03-11T23:59:59.0000000-08:00</ToTime>
        <Primary>false</Primary>
        <OrderedDelivery>false</OrderedDelivery>
      </SecondaryTransport>
      <EncryptionCert xsi:nil="true" />
      <ReceivePipeline xsi:nil="true" />
      <ReceivePipelineData xsi:nil="true" />
      <Tracking>0</Tracking>
      <Filter>&lt;Filter&gt;&lt;Group&gt;&lt;Statement Property="BTS.ReceivePortName" Operator="0" Value="SubmitMessagesRP"/&gt;&lt;/Group&gt;&lt;Group/&gt;&lt;/Filter&gt;</Filter>
      <Transforms />
    </SendPort>
  </SendPortCollection>
  <DistributionListCollection />
  <ReceivePortCollection>
    <ReceivePort Name="SubmitMessagesRP" IsTwoWay="false">
      <ReceiveLocations>
        <ReceiveLocation Name="SubmitMessagesRL">
          <Address>submit://submitmessages</Address>
          <PublicAddress />
          <Primary>true</Primary>
          <ReceiveLocationTransportType Name="Submit" Capabilities="129" ConfigurationClsid="8ea860eb-8d23-4a93-aa6c-d98d45abfa7f" />
          <ReceiveLocationTransportTypeData>&lt;CustomProps&gt;&lt;AdapterConfig vt="8"&gt;&amp;lt;CustomProps xmlns:xsd="http://www.w3.org/2001/XMLSchema" xmlns:xsi="http://www.w3.org/2001/XMLSchema-instance"&amp;gt;&amp;lt;uri&amp;gt;submit://submitmessages&amp;lt;/uri&amp;gt;&amp;lt;/CustomProps&amp;gt;&lt;/AdapterConfig&gt;&lt;/CustomProps&gt;</ReceiveLocationTransportTypeData>
          <ReceivePipeline Name="PassThruReceive" FullyQualifiedName="Microsoft.BizTalk.DefaultPipelines:3.0.1.0:Microsoft.BizTalk.DefaultPipelines.PassThruReceive" Type="1" />
          <ReceivePipelineData xsi:nil="true" />
          <Enable>false</Enable>
        </ReceiveLocation>
      </ReceiveLocations>
      <SendPipelineData xsi:nil="true" />
      <Authentication>0</Authentication>
      <Tracking>0</Tracking>
    </ReceivePort>
  </ReceivePortCollection>
  <PartyCollection />
</BindingInfo>